{
    "models": {
        "beamline": [],
        "brillianceReport": {
            "detuning": 0,
            "energyPointCount": 100,
            "finalHarmonic": 5,
            "initialHarmonic": 1,
            "minDeflection": 0.2,
            "reportType": "0"
        },
        "electronBeam": {
            "beamDefinition": "t",
            "beamSelector": "XFM",
            "current": 0.2,
            "drift": 0,
            "energy": 3,
            "energyDeviation": 0,
            "horizontalAlpha": 0,
            "horizontalBeta": 2.452,
            "horizontalDispersion": 0.1,
            "horizontalDispersionDerivative": 0,
            "horizontalEmittance": 10.1,
            "horizontalPosition": 0,
            "id": "8HkgQ8Ss 1",
            "name": "XFM",
            "rmsDivergX": 64.18010954,
            "rmsDivergY": 6.41801095,
            "rmsSizeX": 192.00312497,
            "rmsSizeY": 15.73696286,
            "rmsSpread": 0.0011,
            "verticalAlpha": 0,
            "verticalBeta": 2.452,
            "verticalDispersion": 0,
            "verticalDispersionDerivative": 0,
            "verticalEmittance": 0.101,
            "verticalPosition": 0,
            "xxprX": 0,
            "xxprY": 0
        },
        "electronBeamPosition": {
            "drift": -1.034,
            "driftCalculationMethod": "auto",
            "horizontalAngle": 0,
            "horizontalPosition": 0,
            "verticalAngle": 0,
            "verticalPosition": 0
        },
        "fluxAnimation": {
            "azimuthalPrecision": 1,
            "distanceFromSource": 20,
            "finalEnergy": 20000,
            "finalHarmonic": 15,
            "fluxType": "1",
            "horizontalApertureSize": 1,
            "horizontalPosition": 0,
            "initialEnergy": 10000,
            "initialHarmonic": 1,
            "longitudinalPrecision": 1,
            "magneticField": 1,
            "method": "1",
            "numberOfMacroElectrons": 100000,
            "photonEnergyPointCount": 10000,
            "polarization": "6",
            "precision": 0.01,
            "verticalApertureSize": 1,
            "verticalPosition": 0
        },
        "fluxReport": {
            "azimuthalPrecision": 1,
            "distanceFromSource": 20,
            "finalEnergy": 20000,
            "finalHarmonic": 15,
            "fluxType": 1,
            "horizontalApertureSize": "1",
            "horizontalPosition": 0,
            "initialEnergy": "100",
            "initialHarmonic": 1,
            "longitudinalPrecision": 1,
            "magneticField": 1,
            "method": "-1",
            "numberOfMacroElectrons": 1,
            "photonEnergyPointCount": 10000,
            "polarization": 6,
            "precision": 0.01,
            "verticalApertureSize": "1",
            "verticalPosition": 0
        },
        "gaussianBeam": {
            "energyPerPulse": "0.001",
            "photonEnergy": "9000",
            "polarization": 1,
            "rmsDivergenceX": 0,
            "rmsDivergenceY": 0,
            "rmsPulseDuration": 0.1,
            "rmsSizeX": "9.78723",
            "rmsSizeY": "9.78723",
            "sizeDefinition": "1",
            "waistAngleX": 0,
            "waistAngleY": 0,
            "waistX": 0,
            "waistY": 0,
            "waistZ": 0
        },
        "initialIntensityReport": {
            "characteristic": 0,
            "colorMap": "grayscale",
            "fieldUnits": "1",
            "intensityPlotsScale": "linear",
            "intensityPlotsWidth": "0",
            "polarization": 6,
            "precision": 0.01
        },
        "intensityReport": {
            "distanceFromSource": 20,
            "fieldUnits": "1",
            "finalEnergy": "20000",
            "horizontalPosition": "0",
            "initialEnergy": "100",
            "method": "1",
            "photonEnergyPointCount": 10000,
            "polarization": 6,
            "precision": 0.01,
            "verticalPosition": 0
        },
        "mirrorReport": {
            "intensityPlotsScale": "linear",
            "intensityPlotsWidth": "0"
        },
        "multiElectronAnimation": {
            "colorMap": "grayscale",
            "horizontalPosition": 0,
            "horizontalRange": "0.4",
            "intensityPlotsScale": "linear",
            "intensityPlotsWidth": "0",
            "numberOfMacroElectrons": 100000,
            "photonEnergyBandWidth": 0,
            "stokesParameter": "0",
            "verticalPosition": 0,
            "verticalRange": "0.6"
        },
        "multipole": {
            "distribution": "n",
            "field": 0.4,
            "length": 3,
            "order": 1
        },
        "postPropagation": [],
        "powerDensityReport": {
            "colorMap": "grayscale",
            "distanceFromSource": 20,
            "horizontalPointCount": 100,
            "horizontalPosition": "0",
            "horizontalRange": "15",
            "intensityPlotsScale": "linear",
            "intensityPlotsWidth": "0",
            "method": 1,
            "precision": "1",
            "verticalPointCount": 100,
            "verticalPosition": 0,
            "verticalRange": "15"
        },
        "propagation": {},
        "simulation": {
            "applicationMode": "calculator",
            "distanceFromSource": 20,
            "documentationUrl": "",
            "folder": "/SR Calculator",
            "horizontalPointCount": 100,
            "horizontalPosition": 0,
            "horizontalRange": "0.4",
            "isExample": true,
            "name": "Undulator Radiation",
            "photonEnergy": 7374,
            "sampleFactor": 1,
            "samplingMethod": 1,
            "simulationId": "fLzJaMd8",
            "simulationSerial": 1566981803173880,
            "sourceType": "u",
            "verticalPointCount": 100,
            "verticalPosition": 0,
            "verticalRange": "0.6"
        },
        "simulationStatus": {},
        "sourceIntensityReport": {
            "characteristic": 0,
            "colorMap": "grayscale",
            "distanceFromSource": 20,
            "fieldUnits": "1",
            "horizontalPointCount": 100,
            "horizontalPosition": 0,
            "horizontalRange": "0.4",
            "intensityPlotsScale": "linear",
            "intensityPlotsWidth": "0",
            "magneticField": 1,
            "photonEnergy": 7374,
            "polarization": 6,
            "precision": 0.01,
            "sampleFactor": 1,
            "samplingMethod": 1,
            "verticalPointCount": 100,
            "verticalPosition": 0,
            "verticalRange": "0.6"
        },
        "tabulatedUndulator": {
            "gap": 6.72,
            "id": "fLzJaMd8 1",
            "magneticFile": "magnetic_measurements.zip",
            "name": "Undulator 3",
            "phase": 0,
            "undulatorSelector": "Undulator 3",
            "undulatorType": "u_t"
        },
        "trajectoryReport": {
            "finalTimeMoment": 0,
            "initialTimeMoment": 0,
            "magneticField": "2",
            "numberOfPoints": 10000,
            "plotAxisX": "Z",
            "plotAxisY": "X",
            "plotAxisY2": "None",
            "timeMomentEstimation": "auto"
        },
        "undulator": {
            "effectiveDeflectingParameter": 1.80769942,
            "horizontalAmplitude": "0",
            "horizontalDeflectingParameter": 0,
            "horizontalInitialPhase": 0,
            "horizontalSymmetry": 1,
            "length": 1.98,
            "longitudinalPosition": 0,
            "period": 22,
            "verticalAmplitude": 0.88,
            "verticalDeflectingParameter": 1.80769942,
            "verticalInitialPhase": 0,
            "verticalSymmetry": 1
        }
    },
    "report": "intensityReport",
    "simulationType": "srw",
    "version": "20180212.000000"
}